id,first_name,last_name,age,gender,mage
1,Cody,Potell,cpotell0@opensource.org,Male,Eastern quoll
2,Eliza,Andrejs,eandrejs1@adobe.com,Female,"Waterbuck, common"
3,Delinda,Search,dsearch2@dailymotion.com,Female,"Phascogale, red-tailed"
4,Gothart,Tilliard,gtilliard3@ocn.ne.jp,Male,"Starling, red-shouldered glossy"
5,Melodee,Spinas,mspinas4@youtube.com,Female,"Stork, greater adjutant"
6,Alisa,Andrewartha,aandrewartha5@qq.com,Female,"Deer, red"
7,Tonia,Doni,tdoni6@fc2.com,Female,Black-throated cardinal
8,Robinet,Mance,rmance7@posterous.com,Female,Great egret
9,Cindy,Cramb,ccramb8@illinois.edu,Female,European stork
10,Bren,Timberlake,btimberlake9@timesonline.co.uk,Female,Sulfur-crested cockatoo
11,Melantha,Emmett,memmetta@tiny.cc,Female,Hawk-headed parrot
12,Garland,Lumsdon,glumsdonb@dailymail.co.uk,Female,White-lipped peccary
13,Walsh,Matas,wmatasc@cam.ac.uk,Male,"Capuchin, weeper"
14,Lelia,Edgeley,ledgeleyd@apple.com,Female,Thomson's gazelle
15,Evaleen,Disdel,edisdele@storify.com,Female,"Otter, small-clawed"
16,Idalia,Stote,istotef@marriott.com,Female,Pacific gull
17,Marley,Kahn,mkahng@house.gov,Female,"Mongoose, banded"
18,Archambault,Mills,amillsh@hp.com,Male,Long-billed cockatoo
19,Caddric,Keenan,ckeenani@jiathis.com,Male,Malabar squirrel
20,Nikolas,Klossmann,nklossmannj@people.com.cn,Male,"Plover, blacksmith"
21,Carmon,Easman,ceasmank@storify.com,Female,Carmine bee-eater
22,Leonardo,Casterot,lcasterotl@a8.net,Male,"Stork, greater adjutant"
23,Lyda,Shutle,lshutlem@myspace.com,Female,"Monkey, rhesus"
24,Dickie,Surmeir,dsurmeirn@ucla.edu,Male,"Starling, greater blue-eared"
25,Leicester,Purvis,lpurviso@tripadvisor.com,Male,American woodcock
26,Ashia,Saltern,asalternp@php.net,Female,Carmine bee-eater
27,Silas,Heathwood,sheathwoodq@reverbnation.com,Male,Brindled gnu
28,Ferd,Doe,fdoer@scribd.com,Male,"Colobus, white-mantled"
29,Dominique,Cuttles,dcuttless@zimbio.com,Male,"Fox, grey"
30,Gabriel,Pughsley,gpughsleyt@linkedin.com,Female,Red squirrel
31,Hamish,Poytress,hpoytressu@fda.gov,Male,"Tamandua, southern"
32,Cy,Deaves,cdeavesv@upenn.edu,Male,"Dragon, frilled"
33,Jillian,Haruard,jharuardw@icio.us,Female,Red-tailed cockatoo
34,Sophie,Feldhammer,sfeldhammerx@merriam-webster.com,Female,Golden eagle
35,Christoffer,Clears,cclearsy@smh.com.au,Male,Tarantula
36,Iseabal,Khotler,ikhotlerz@netlog.com,Female,Burmese brown mountain tortoise
37,Traver,Breens,tbreens10@psu.edu,Male,"Flamingo, greater"
38,Ced,Wooderson,cwooderson11@soup.io,Male,Egyptian cobra
39,Kean,Goodswen,kgoodswen12@imageshack.us,Male,"Duiker, gray"
40,Chip,Sebring,csebring13@tamu.edu,Male,"Deer, roe"
41,Pavla,Godsmark,pgodsmark14@comsenz.com,Female,Dassie
42,Lillis,Wagge,lwagge15@slate.com,Female,White-throated toucan
43,Drud,Kilcoyne,dkilcoyne16@blog.com,Male,Olive baboon
44,Sally,Laurentin,slaurentin17@jimdo.com,Female,"Darter, african"
45,Joachim,Ochterlonie,jochterlonie18@reuters.com,Male,Galapagos hawk
46,Glennis,Seifert,gseifert19@amazon.de,Female,"Grenadier, common"
47,Latashia,Nuttall,lnuttall1a@eepurl.com,Female,"Openbill, asian"
48,Forrest,Restorick,frestorick1b@symantec.com,Male,Emerald green tree boa
49,Puff,Kupker,pkupker1c@ted.com,Male,"Hornbill, yellow-billed"
50,Merle,Mundall,mmundall1d@imgur.com,Female,"Squirrel, eurasian red"
51,Grissel,Filipov,gfilipov1e@oracle.com,Female,Green-backed heron
52,Lucita,Lauret,llauret1f@ucla.edu,Female,Bottle-nose dolphin
53,Luther,Collumbine,lcollumbine1g@1und1.de,Male,"Goose, knob-nosed"
54,Fanchette,Benedettini,fbenedettini1h@techcrunch.com,Female,"Heron, goliath"
55,Baron,Sore,bsore1i@dailymail.co.uk,Male,"Albatross, galapagos"
56,Chryste,Jeannenet,cjeannenet1j@ameblo.jp,Female,Cape raven
57,Nadiya,Braiden,nbraiden1k@redcross.org,Female,"Penguin, magellanic"
58,Lionello,Strathdee,lstrathdee1l@so-net.ne.jp,Male,"Goose, greylag"
59,Morena,Dallosso,mdallosso1m@wix.com,Female,Red-capped cardinal
60,Hally,Schlagtmans,hschlagtmans1n@weather.com,Female,"Bat, madagascar fruit"
61,Sampson,Twigger,stwigger1o@delicious.com,Male,"Brocket, red"
62,Donnajean,Lilburne,dlilburne1p@opensource.org,Female,"Duck, blue"
63,Mady,Stilldale,mstilldale1q@home.pl,Female,"Bandicoot, short-nosed"
64,Sherman,Lightbown,slightbown1r@facebook.com,Male,"Grouse, sage"
65,Lauri,Shaxby,lshaxby1s@smh.com.au,Female,African wild dog
66,Thomasa,Belli,tbelli1t@squarespace.com,Female,"Pheasant, ring-necked"
67,Benny,Lerner,blerner1u@multiply.com,Male,Fisher
68,Nona,Barfield,nbarfield1v@mtv.com,Female,"Fox, pampa gray"
69,Francis,Reinisch,freinisch1w@scientificamerican.com,Male,Brazilian tapir
70,Dominic,Heinig,dheinig1x@cbslocal.com,Male,"Bear, polar"
71,Pate,Myring,pmyring1y@bravesites.com,Male,Alpaca
72,Flinn,Smallshaw,fsmallshaw1z@goo.ne.jp,Male,Snake-necked turtle
73,Deborah,Formby,dformby20@salon.com,Female,Saddle-billed stork
74,Emily,Futter,efutter21@cbslocal.com,Female,"Barbet, black-collared"
75,Ernst,Dennerley,edennerley22@yahoo.com,Male,Jungle cat
76,Pavlov,Newbury,pnewbury23@engadget.com,Male,Yak
77,Abelard,Sheryn,asheryn24@arstechnica.com,Male,Northern elephant seal
78,Hagan,O Mullen,homullen25@accuweather.com,Male,"Otter, brazilian"
79,Zita,Elmer,zelmer26@reddit.com,Female,Kirk's dik dik
80,Pembroke,Najara,pnajara27@skype.com,Male,"Kangaroo, jungle"
81,Amelita,Trunchion,atrunchion28@cbsnews.com,Female,Yellow-throated sandgrouse
82,Rhys,Castle,rcastle29@squarespace.com,Male,Eagle owl (unidentified)
83,Madalena,Baythrop,mbaythrop2a@exblog.jp,Female,"Starling, cape"
84,Johnathon,Jewes,jjewes2b@thetimes.co.uk,Male,"Skimmer, four-spotted"
85,Sigfried,Placido,splacido2c@noaa.gov,Male,"Shrike, crimson-breasted"
86,Galvan,Yewman,gyewman2d@imdb.com,Male,"Anteater, australian spiny"
87,Cordie,Kemme,ckemme2e@shinystat.com,Female,Carmine bee-eater
88,Davis,Antuk,dantuk2f@ucoz.ru,Male,Eurasian beaver
89,Tomasine,Mc Grath,tmcgrath2g@ftc.gov,Female,Pied avocet
90,Ethelred,Manchester,emanchester2h@acquirethisname.com,Male,Black and white colobus
91,Koralle,Edson,kedson2i@phpbb.com,Female,"Heron, goliath"
92,Shayna,Sakins,ssakins2j@nydailynews.com,Female,"Flicker, campo"
93,Broderic,Sandwick,bsandwick2k@myspace.com,Male,Red kangaroo
94,Diane,Dowe,ddowe2l@facebook.com,Female,Galapagos penguin
95,Taber,Harbin,tharbin2m@homestead.com,Male,Red-capped cardinal
96,Clemens,Croydon,ccroydon2n@chron.com,Male,"Gull, dusky"
97,Chariot,John,cjohn2o@1und1.de,Male,Black-footed ferret
98,Silvanus,Bruinsma,sbruinsma2p@alexa.com,Male,"Racer, blue"
99,Karla,Lisle,klisle2q@go.com,Female,American bison
100,Wain,Elphee,welphee2r@nsw.gov.au,Male,Egyptian viper
101,Lazaro,Bachman,lbachman2s@tuttocitta.it,Male,Greater kudu
102,Malvin,Heeron,mheeron2t@princeton.edu,Male,"Sloth, pale-throated three-toed"
103,Deonne,Skipper,dskipper2u@wikimedia.org,Female,Yellow-crowned night heron
104,Modestine,MacKeever,mmackeever2v@acquirethisname.com,Female,Snowy egret
105,Denys,Munton,dmunton2w@mediafire.com,Male,Common green iguana
106,Joan,Garnsworth,jgarnsworth2x@dailymotion.com,Female,"Hornbill, yellow-billed"
107,Madeline,Wychard,mwychard2y@sogou.com,Female,"Squirrel, eurasian red"
108,Marleah,De Vries,mdevries2z@ameblo.jp,Female,Western palm tanager (unidentified)
109,Coriss,Pinkstone,cpinkstone30@biblegateway.com,Female,Cougar
110,Ade,O'Neal,aoneal31@yahoo.co.jp,Male,Malachite kingfisher
111,Leese,MacNeill,lmacneill32@creativecommons.org,Female,Desert kangaroo rat
112,Renault,Edes,redes33@fastcompany.com,Male,"Plover, blacksmith"
113,Joel,Dorwood,jdorwood34@soup.io,Male,"Sheathbill, snowy"
114,Felice,Norgan,fnorgan35@gmpg.org,Female,Small-clawed otter
115,Hope,Scorer,hscorer36@hhs.gov,Female,Lesser masked weaver
116,Ozzie,Augustus,oaugustus37@qq.com,Male,Eastern dwarf mongoose
117,Hewie,Marieton,hmarieton38@g.co,Male,"Stork, white-necked"
118,Danny,Sives,dsives39@shop-pro.jp,Male,"Hawk, red-tailed"
119,Falito,Farriar,ffarriar3a@tinyurl.com,Male,Snowy sheathbill
120,Sammy,Roots,sroots3b@google.co.uk,Male,"Pelican, australian"
121,Donavon,Maudlin,dmaudlin3c@eepurl.com,Male,"Kangaroo, red"
122,Berk,McMurrugh,bmcmurrugh3d@timesonline.co.uk,Male,Radiated tortoise
123,Ulises,Extal,uextal3e@geocities.com,Male,"Wagtail, african pied"
124,Pattin,Troup,ptroup3f@yolasite.com,Male,Steenbuck
125,Mellisa,Faulkener,mfaulkener3g@comsenz.com,Female,Blue-faced booby
126,Fin,Brisard,fbrisard3h@artisteer.com,Male,"Jackal, golden"
127,Wells,Tillerton,wtillerton3i@unc.edu,Male,Yellow-headed caracara
128,Emilee,Bascomb,ebascomb3j@umn.edu,Female,Blue fox
129,Bride,Kildale,bkildale3k@squidoo.com,Female,Southern screamer
130,Tobi,Lias,tlias3l@usa.gov,Female,"Kite, black"
131,Dalt,Lombardo,dlombardo3m@last.fm,Male,Ground legaan
132,Franchot,Bowlands,fbowlands3n@toplist.cz,Male,Beisa oryx
133,Becki,Jedryka,bjedryka3o@wufoo.com,Female,"Shark, blue"
134,Somerset,Saph,ssaph3p@zdnet.com,Male,Campo flicker
135,Gorden,Gladding,ggladding3q@yellowbook.com,Male,Western bearded dragon
136,Celine,Sprigg,csprigg3r@bizjournals.com,Female,Coke's hartebeest
137,Geoffrey,Pascall,gpascall3s@time.com,Male,Cape Barren goose
138,Dulcine,Bonus,dbonus3t@artisteer.com,Female,"Rattlesnake, horned"
139,Skip,Emmanuele,semmanuele3u@bizjournals.com,Male,"Tinamou, elegant crested"
140,Steffie,Vischi,svischi3v@tripod.com,Female,Pied crow
141,Hazel,Ostler,hostler3w@toplist.cz,Male,"Bushbaby, large-eared"
142,Brooke,Hebbron,bhebbron3x@edublogs.org,Male,Mexican beaded lizard
143,Krystalle,Townby,ktownby3y@columbia.edu,Female,African buffalo
144,Theo,Wooddisse,twooddisse3z@addthis.com,Male,Red deer
145,Culver,Lyngsted,clyngsted40@dell.com,Male,"Bulbul, black-fronted"
146,Ronnie,Crossfeld,rcrossfeld41@sina.com.cn,Male,"Kangaroo, red"
147,Eldredge,Arendt,earendt42@telegraph.co.uk,Male,"Hen, sage"
148,Winne,Rudge,wrudge43@twitpic.com,Female,Western spotted skunk
149,Arlen,Dank,adank44@rambler.ru,Female,Savanna fox
150,Morgen,Gentil,mgentil45@hp.com,Male,"Ibis, glossy"
151,Tyrus,Dullingham,tdullingham46@1und1.de,Male,Green-backed heron
152,Philis,Blucher,pblucher47@goodreads.com,Female,Platypus
153,Shandie,Goosey,sgoosey48@cocolog-nifty.com,Female,"Cat, miner's"
154,Colly,Moreman,cmoreman49@slashdot.org,Female,"Fox, savanna"
155,Manny,Mathivet,mmathivet4a@businessweek.com,Male,"Hornbill, yellow-billed"
156,Norrie,Aslam,naslam4b@blogger.com,Male,Azara's zorro
157,Archibold,McOrkil,amcorkil4c@time.com,Male,"Bear, black"
158,Harrie,Herrieven,hherrieven4d@yahoo.com,Female,Urial
159,Ginelle,Demageard,gdemageard4e@sohu.com,Female,Australian magpie
160,Obie,Sparling,osparling4f@angelfire.com,Male,"Cat, ringtail"
161,Mollee,Shervington,mshervington4g@acquirethisname.com,Female,"Mongoose, eastern dwarf"
162,Hadrian,Saleway,hsaleway4h@japanpost.jp,Male,Suricate
163,Jarrett,Sitch,jsitch4i@domainmarket.com,Male,"Glider, squirrel"
164,Emmey,Kermon,ekermon4j@merriam-webster.com,Female,Eurasian hoopoe
165,Mindy,Cowburn,mcowburn4k@hostgator.com,Female,Cereopsis goose
166,Jemmy,Abramowitz,jabramowitz4l@newsvine.com,Female,Golden-mantled ground squirrel
167,Vaughn,Grady,vgrady4m@google.es,Male,"Albatross, galapagos"
168,Alysa,Goodbourn,agoodbourn4n@cnbc.com,Female,Cottonmouth
169,Ford,Wastall,fwastall4o@zdnet.com,Male,Red squirrel
170,Joyous,Habden,jhabden4p@pbs.org,Female,Black-tailed tree creeper
171,Sheelah,Yandell,syandell4q@mapy.cz,Female,"Ringtail, common"
172,Paolo,Filipovic,pfilipovic4r@github.com,Male,"Magpie, australian"
173,Katharine,Howbrook,khowbrook4s@hud.gov,Female,"Puffin, horned"
174,Addi,Cundey,acundey4t@ftc.gov,Female,Numbat
175,Xenos,Deschelle,xdeschelle4u@indiegogo.com,Male,Caracara (unidentified)
176,Garey,Hurch,ghurch4v@seattletimes.com,Male,"Lion, steller sea"
177,Case,McConaghy,cmcconaghy4w@mlb.com,Male,Burrowing owl
178,Fabiano,De Filippi,fdefilippi4x@dyndns.org,Male,Guerza
179,Orelee,Brea,obrea4y@ehow.com,Female,Small-clawed otter
180,Ive,Roscamps,iroscamps4z@ameblo.jp,Male,"Bird, magnificent frigate"
181,Kasper,Loughan,kloughan50@artisteer.com,Male,Secretary bird
182,Adina,de Najera,adenajera51@howstuffworks.com,Female,Cobra (unidentified)
183,Dory,Giovannilli,dgiovannilli52@free.fr,Female,Pampa gray fox
184,Ealasaid,Raxworthy,eraxworthy53@ameblo.jp,Female,Brush-tailed rat kangaroo
185,Jessie,Robertshaw,jrobertshaw54@paypal.com,Male,African polecat
186,Dierdre,Fewless,dfewless55@imdb.com,Female,"Crane, black-crowned"
187,Gerladina,Gatley,ggatley56@cdbaby.com,Female,"Ox, musk"
188,Harley,Lardier,hlardier57@webs.com,Female,Two-toed tree sloth
189,Mead,Yanshonok,myanshonok58@nature.com,Female,"Sloth, pale-throated three-toed"
190,Darill,Gunby,dgunby59@unblog.fr,Male,Rose-ringed parakeet
191,Smith,Allso,sallso5a@unc.edu,Male,Springbuck
192,Franky,Manz,fmanz5b@google.es,Female,"Cobra, egyptian"
193,Lorinda,Rohlfing,lrohlfing5c@java.com,Female,"Monkey, black spider"
194,Kaia,Harvie,kharvie5d@oracle.com,Female,Gelada baboon
195,Everard,Meaddowcroft,emeaddowcroft5e@bbb.org,Male,"Eland, common"
196,Tammara,Earry,tearry5f@slideshare.net,Female,Laughing kookaburra
197,Les,Steven,lsteven5g@marketwatch.com,Male,Richardson's ground squirrel
198,Elianora,McIan,emcian5h@vkontakte.ru,Female,Purple grenadier
199,Johnny,Everwin,jeverwin5i@alibaba.com,Male,"Tortoise, galapagos"
200,Ekaterina,Goold,egoold5j@cdbaby.com,Female,"Lapwing, southern"
201,Kristofer,Streeting,kstreeting5k@webmd.com,Male,Koala
202,Pablo,Stayt,pstayt5l@harvard.edu,Male,White-faced tree rat
203,Neville,Northway,nnorthway5m@prlog.org,Male,Urial
204,Tallia,Bourner,tbourner5n@amazon.co.uk,Female,"Jackal, silver-backed"
205,Ferris,Giacobelli,fgiacobelli5o@studiopress.com,Male,Australian magpie
206,Cash,Hardwidge,chardwidge5p@chron.com,Male,American racer
207,Sigmund,Kuhnke,skuhnke5q@vimeo.com,Male,South American meadowlark (unidentified)
208,Terra,Johl,tjohl5r@goodreads.com,Female,"Tern, white-winged"
209,Dennie,Bortolotti,dbortolotti5s@omniture.com,Female,Cheetah
210,Reyna,Prene,rprene5t@google.ru,Female,Galapagos dove
211,Vina,Reddecliffe,vreddecliffe5u@nifty.com,Female,Asian water buffalo
212,Kay,Samet,ksamet5v@nydailynews.com,Female,"Quoll, spotted-tailed"
213,Angelika,Dowsing,adowsing5w@reddit.com,Female,"Bleu, red-cheeked cordon"
214,Montague,Halling,mhalling5x@homestead.com,Male,Sociable weaver
215,Cirstoforo,Fardell,cfardell5y@amazon.com,Male,"Sloth, hoffman's"
216,Florina,Ferrillio,fferrillio5z@google.com.hk,Female,"Wagtail, african pied"
217,Di,Whytock,dwhytock60@wikipedia.org,Female,Coqui francolin
218,Mose,Crippen,mcrippen61@yellowpages.com,Male,"Buffalo, african"
219,Wendell,Munford,wmunford62@cloudflare.com,Male,"Bison, american"
220,Morly,Vidler,mvidler63@prweb.com,Male,"Buffalo, wild water"
221,Hammad,Deal,hdeal64@gravatar.com,Male,"Bat, little brown"
222,Eugene,Zorzutti,ezorzutti65@nba.com,Male,Gambel's quail
223,Brigitta,Bonanno,bbonanno66@tiny.cc,Female,"Boa, columbian rainbow"
224,Eduino,Renfield,erenfield67@deviantart.com,Male,"Snake, carpet"
225,Mitchell,Gong,mgong68@hhs.gov,Male,Cape wild cat
226,Sumner,Stogill,sstogill69@google.es,Male,"Possum, common brushtail"
227,Rebekah,Collumbine,rcollumbine6a@ning.com,Female,Great skua
228,Thibaud,Wardhaugh,twardhaugh6b@yahoo.co.jp,Male,"Weaver, chestnut"
229,Brande,Blacksell,bblacksell6c@miitbeian.gov.cn,Female,Sambar
230,Ichabod,Cossington,icossington6d@nifty.com,Male,Tokay gecko
231,Lindie,Wylam,lwylam6e@51.la,Female,Asian foreset tortoise
232,Vidovic,O'Clery,voclery6f@livejournal.com,Male,Llama
233,Jewelle,Tuther,jtuther6g@hhs.gov,Female,American buffalo
234,Paolo,Petrazzi,ppetrazzi6h@state.tx.us,Male,"Stork, jabiru"
235,Gracia,Sawrey,gsawrey6i@barnesandnoble.com,Female,Galah
236,Darleen,Mandrier,dmandrier6j@who.int,Female,"Cat, jungle"
237,Shelley,Bathersby,sbathersby6k@csmonitor.com,Male,"Pie, indian tree"
238,Shelbi,Selborne,sselborne6l@cbslocal.com,Female,Desert spiny lizard
239,Lamar,Bladge,lbladge6m@moonfruit.com,Male,American beaver
240,Brietta,Osgodby,bosgodby6n@bing.com,Female,"Booby, blue-footed"
241,Baillie,Hooks,bhooks6o@intel.com,Male,"Civet, common palm"
242,Valery,Elia,velia6p@cbc.ca,Female,Red-tailed wambenger
243,Wileen,Beckham,wbeckham6q@scribd.com,Female,American buffalo
244,Madelina,Caunter,mcaunter6r@ox.ac.uk,Female,Woolly-necked stork
245,Jacinda,Jozefczak,jjozefczak6s@independent.co.uk,Female,Bohor reedbuck
246,Valerie,Cantera,vcantera6t@netvibes.com,Female,"Fox, bat-eared"
247,Berta,Najera,bnajera6u@lulu.com,Female,"Falcon, prairie"
248,Benjamin,Searsby,bsearsby6v@netvibes.com,Male,"Dolphin, striped"
249,Vance,Geroldini,vgeroldini6w@youtube.com,Male,Eurasian badger
250,Aldrich,MacCosto,amaccosto6x@twitpic.com,Male,Nile crocodile
251,Lenette,Tisor,ltisor6y@addthis.com,Female,Curve-billed thrasher
252,Arlen,Jiggens,ajiggens6z@opensource.org,Male,Savannah deer (unidentified)
253,Minerva,Snowman,msnowman70@blinklist.com,Female,Tayra
254,Donalt,Treske,dtreske71@flavors.me,Male,"Cardinal, black-throated"
255,Anallese,Reddel,areddel72@nifty.com,Female,Ovenbird
256,Sheppard,Franchyonok,sfranchyonok73@census.gov,Male,Eastern white pelican
257,Anallise,Nolda,anolda74@github.io,Female,"Turkey, australian brush"
258,Fay,Ziemen,fziemen75@amazon.co.uk,Female,Cormorant (unidentified)
259,Lon,Totterdell,ltotterdell76@ameblo.jp,Male,Cottonmouth
260,Donavon,Scholard,dscholard77@themeforest.net,Male,Herring gull
261,Stillmann,Fechnie,sfechnie78@live.com,Male,"Bleu, blue-breasted cordon"
262,Ty,Pasterfield,tpasterfield79@linkedin.com,Male,Lava gull
263,Crysta,Richt,cricht7a@mtv.com,Female,Green-backed heron
264,Elden,Levey,elevey7b@technorati.com,Male,"Pheasant, ring-necked"
265,Nessie,M'Chirrie,nmchirrie7c@tripadvisor.com,Female,"Snake, racer"
266,Gawen,Heffernon,gheffernon7d@diigo.com,Male,Old world fruit bat (unidentified)
267,Shayne,Maffucci,smaffucci7e@photobucket.com,Female,"Wallaby, bennett's"
268,Emily,Kerrod,ekerrod7f@unblog.fr,Female,"Macaque, japanese"
269,Bil,Lambrook,blambrook7g@lulu.com,Male,"Lizard, giant girdled"
270,Denice,Olenchenko,dolenchenko7h@storify.com,Female,European shelduck
271,Mercy,Wyndham,mwyndham7i@hhs.gov,Female,"Thrasher, curve-billed"
272,Issiah,Greenman,igreenman7j@shinystat.com,Male,Wattled crane
273,Layne,Millan,lmillan7k@mapquest.com,Female,"Lorikeet, scaly-breasted"
274,Hazlett,Bendson,hbendson7l@google.com.hk,Male,"Egret, great"
275,Dalenna,Grim,dgrim7m@issuu.com,Female,"Macaque, pig-tailed"
276,Gael,Idiens,gidiens7n@si.edu,Female,"Woodpecker, red-headed"
277,Mirilla,Klimpke,mklimpke7o@wordpress.com,Female,"Wallaby, whip-tailed"
278,Ruperto,Harsum,rharsum7p@cdbaby.com,Male,"Francolin, swainson's"
279,Royall,Scraney,rscraney7q@moonfruit.com,Male,Small Indian mongoose
280,Packston,Dennidge,pdennidge7r@i2i.jp,Male,Bent-toed gecko
281,Danyelle,Petrovsky,dpetrovsky7s@theglobeandmail.com,Female,Guerza
282,Leonidas,Keggin,lkeggin7t@devhub.com,Male,Common pheasant
283,Orelie,Toffts,otoffts7u@de.vu,Female,Blue and yellow macaw
284,Oby,Voller,ovoller7v@naver.com,Male,Kelp gull
285,Godfree,Maloney,gmaloney7w@utexas.edu,Male,"Heron, green-backed"
286,Thane,Brunstan,tbrunstan7x@drupal.org,Male,European badger
287,Yolanthe,Sirrell,ysirrell7y@pinterest.com,Female,American alligator
288,Claus,Shelley,cshelley7z@sakura.ne.jp,Male,Southern black-backed gull
289,Edward,Ironside,eironside80@nature.com,Male,Black and white colobus
290,Jolyn,Fawson,jfawson81@imageshack.us,Female,Onager
291,Alverta,Cotgrave,acotgrave82@un.org,Female,"Starfish, crown of thorns"
292,Blondelle,Paddon,bpaddon83@blinklist.com,Female,White rhinoceros
293,Corina,Kiljan,ckiljan84@stumbleupon.com,Female,"Magpie, australian"
294,Madalena,Yeardley,myeardley85@cornell.edu,Female,Malachite kingfisher
295,Vick,Tweedie,vtweedie86@salon.com,Male,"Sifaka, verreaux's"
296,Parsifal,Mallett,pmallett87@admin.ch,Male,"Moccasin, water"
297,Teodoor,Vatini,tvatini88@opera.com,Male,"Boa, columbian rainbow"
298,Gregor,Haxley,ghaxley89@bizjournals.com,Male,"Teal, hottentot"
299,Nevil,Sigg,nsigg8a@joomla.org,Male,"Flicker, field"
300,Perren,Shillabeare,pshillabeare8b@ucoz.com,Male,"Tern, white-winged"
301,Roxana,Frawley,rfrawley8c@dedecms.com,Female,Tayra
302,Gardner,Gayler,ggayler8d@intel.com,Male,Small Indian mongoose
303,Abe,McGenn,amcgenn8e@e-recht24.de,Male,Blue racer
304,Humfried,Hofler,hhofler8f@jugem.jp,Male,"Shelduck, european"
305,Barri,Moulson,bmoulson8g@ebay.com,Male,"Squirrel, african bush"
306,Justin,Toyne,jtoyne8h@cmu.edu,Male,Indian mynah
307,Sena,Bibey,sbibey8i@umn.edu,Female,"Buffalo, asian water"
308,Angelika,Gaskoin,agaskoin8j@blogger.com,Female,"Gazelle, thomson's"
309,Helli,Domoni,hdomoni8k@narod.ru,Female,Sportive lemur
310,Sheree,Schonfeld,sschonfeld8l@bbc.co.uk,Female,Feathertail glider
311,Ileana,Anthoney,ianthoney8m@icio.us,Female,Tokay gecko
312,Sol,Castan,scastan8n@netlog.com,Male,"Flamingo, lesser"
313,Stevie,Sinott,ssinott8o@washingtonpost.com,Male,"Tern, royal"
314,Gabriel,Jeaycock,gjeaycock8p@thetimes.co.uk,Female,"Booby, masked"
315,Lenka,Cordet,lcordet8q@amazon.co.jp,Female,Barrows goldeneye
316,Fidelity,Biddiss,fbiddiss8r@diigo.com,Female,"Grebe, little"
317,Logan,Simeonov,lsimeonov8s@surveymonkey.com,Male,White-headed vulture
318,Gertrudis,Jobling,gjobling8t@nps.gov,Female,"Zorro, azara's"
319,Adel,Rosel,arosel8u@ed.gov,Female,Red meerkat
320,Corey,Fenner,cfenner8v@java.com,Male,Indian mynah
321,Jody,Saxton,jsaxton8w@creativecommons.org,Female,Woodchuck
322,Silvia,Lowrie,slowrie8x@nydailynews.com,Female,Ocelot
323,Meris,Threlfall,mthrelfall8y@spotify.com,Female,Cape starling
324,Padraic,Robley,probley8z@freewebs.com,Male,"Lion, mountain"
325,Mignonne,Donan,mdonan90@phpbb.com,Female,American beaver
326,Anne-corinne,Manston,amanston91@bigcartel.com,Female,"Owl, australian masked"
327,Joyann,Weedenburg,jweedenburg92@cbc.ca,Female,"Dragon, frilled"
328,Candie,Boig,cboig93@linkedin.com,Female,"Rattlesnake, eastern diamondback"
329,Pippy,Tessier,ptessier94@prnewswire.com,Female,Snake (unidentified)
330,Celesta,Deans,cdeans95@forbes.com,Female,"Oryx, beisa"
331,Shannon,Schiesterl,sschiesterl96@discovery.com,Male,Spotted wood sandpiper
332,Katha,Behr,kbehr97@friendfeed.com,Female,"Lion, california sea"
333,Adolph,Van den Broek,avandenbroek98@reference.com,Male,European red squirrel
334,Karalee,Panchen,kpanchen99@intel.com,Female,"Goose, spur-winged"
335,Pat,Canellas,pcanellas9a@addtoany.com,Female,Laughing kookaburra
336,Corabelle,Goodluck,cgoodluck9b@ovh.net,Female,Blue duck
337,Gretchen,Willoughey,gwilloughey9c@printfriendly.com,Female,Sun gazer
338,Curtice,Stenner,cstenner9d@deliciousdays.com,Male,Yellow-bellied marmot
339,Darcee,Pick,dpick9e@vinaora.com,Female,Grey-footed squirrel
340,Homerus,Hatcliffe,hhatcliffe9f@tiny.cc,Male,Rose-ringed parakeet
341,Deonne,Darnbrook,ddarnbrook9g@ask.com,Female,"Dove, ring"
342,Wolfie,Pring,wpring9h@chron.com,Male,"Squirrel, nelson ground"
343,Sophie,Duncanson,sduncanson9i@economist.com,Female,"Lizard, goanna"
344,Haslett,Shalders,hshalders9j@twitter.com,Male,Tammar wallaby
345,Elwira,Walder,ewalder9k@vk.com,Female,"Coot, red-knobbed"
346,Wrennie,Roark,wroark9l@springer.com,Female,Crested bunting
347,Ansel,English,aenglish9m@cam.ac.uk,Male,Hottentot teal
348,Caprice,Demageard,cdemageard9n@addtoany.com,Female,Blue fox
349,Katherina,Talby,ktalby9o@newyorker.com,Female,"Coatimundi, white-nosed"
350,Roddie,Looby,rlooby9p@wordpress.com,Male,White-throated monitor
351,Broddie,Stoffler,bstoffler9q@aol.com,Male,Striated heron
352,Diego,Sturges,dsturges9r@homestead.com,Male,"Bird, secretary"
353,Didi,Borthram,dborthram9s@addthis.com,Female,Yellow-billed hornbill
354,Astrid,Lile,alile9t@360.cn,Female,"Gnu, brindled"
355,Hershel,Spellard,hspellard9u@facebook.com,Male,"Robin, white-throated"
356,Abel,Churn,achurn9v@newyorker.com,Male,Eastern cottontail rabbit
357,Patric,Raubheim,praubheim9w@ucoz.ru,Male,Manatee
358,Purcell,Vinson,pvinson9x@is.gd,Male,Black-crowned crane
359,Astrid,Sabatini,asabatini9y@princeton.edu,Female,"Pie, rufous tree"
360,Gallard,Jaycock,gjaycock9z@slideshare.net,Male,"Beaver, north american"
361,Alvis,Beresfore,aberesforea0@nih.gov,Male,"Starling, cape"
362,Pren,Kail,pkaila1@people.com.cn,Male,"Francolin, coqui"
363,Elyssa,Scrimshaw,escrimshawa2@ca.gov,Female,Buttermilk snake
364,Trevar,Terry,tterrya3@tinypic.com,Male,"Tern, white-winged black"
365,Tilly,Niset,tniseta4@usa.gov,Female,Red meerkat
366,Vonnie,McEvilly,vmcevillya5@studiopress.com,Female,"Beaver, eurasian"
367,Luther,Box,lboxa6@sbwire.com,Male,"Hyena, striped"
368,Julio,Hairsine,jhairsinea7@yellowbook.com,Male,Jungle cat
369,Dyanna,Somerton,dsomertona8@multiply.com,Female,"Jaeger, long-tailed"
370,Charyl,Lowrance,clowrancea9@about.com,Female,"Armadillo, seven-banded"
371,Vitia,Snasel,vsnaselaa@cdbaby.com,Female,"Eagle, crowned"
372,Laraine,Standbrook,lstandbrookab@ebay.co.uk,Female,"Gecko, tokay"
373,Anselma,Dowgill,adowgillac@joomla.org,Female,"Lizard, collared"
374,Carlotta,Stafford,cstaffordad@howstuffworks.com,Female,African ground squirrel (unidentified)
375,Korella,Kalinsky,kkalinskyae@irs.gov,Female,Bushbuck
376,Amalie,Bigmore,abigmoreaf@paypal.com,Female,"Tortoise, galapagos"
377,Shannon,Benoy,sbenoyag@nbcnews.com,Female,Blue crane
378,Tedie,Hutcheon,thutcheonah@pen.io,Male,Moose
379,Shanta,Doerling,sdoerlingai@google.fr,Female,Manatee
380,Daisie,De Lacey,ddelaceyaj@cyberchimps.com,Female,"Shrew, mandras tree"
381,Irita,Lovelace,ilovelaceak@reddit.com,Female,Prehensile-tailed porcupine
382,Randi,Quenby,rquenbyal@google.nl,Male,"Seal, common"
383,Nickolai,Le Fleming,nleflemingam@etsy.com,Male,"Plover, three-banded"
384,Ginny,Kinnear,gkinnearan@un.org,Female,Orca
385,Agnes,Benoiton,abenoitonao@usda.gov,Female,Pygmy possum
386,Edithe,Iacovolo,eiacovoloap@cloudflare.com,Female,Red-breasted nuthatch
387,Brooke,Mellody,bmellodyaq@google.com.hk,Female,"Lion, mountain"
388,Aurora,Dewerson,adewersonar@java.com,Female,"Pigeon, feral rock"
389,Tobiah,Poultney,tpoultneyas@parallels.com,Male,Openbill stork
390,Carroll,Dyne,cdyneat@weibo.com,Male,"Bison, american"
391,Osborne,Dabel,odabelau@mozilla.com,Male,"Caracara, yellow-headed"
392,Shandeigh,Raun,sraunav@joomla.org,Female,"Buffalo, asian water"
393,Moises,Robelet,mrobeletaw@reverbnation.com,Male,Long-finned pilot whale
394,Edmon,Linnock,elinnockax@jugem.jp,Male,Southern sea lion
395,Sherlocke,Daenen,sdaenenay@1und1.de,Male,"Stork, yellow-billed"
396,Mignonne,Badsey,mbadseyaz@imageshack.us,Female,"Blackbird, red-winged"
397,Tanner,Cornford,tcornfordb0@google.it,Male,Red-capped cardinal
398,Ham,Iveson,hivesonb1@theatlantic.com,Male,Columbian rainbow boa
399,Ruddie,Yarrow,ryarrowb2@tripadvisor.com,Male,"Tapir, brazilian"
400,Reinhold,Newlove,rnewloveb3@ftc.gov,Male,African elephant
401,Atalanta,Hallwood,ahallwoodb4@addthis.com,Female,Chuckwalla
402,Aimil,Kropach,akropachb5@wikipedia.org,Female,Egyptian vulture
403,Dorothee,Joiris,djoirisb6@wix.com,Female,Eastern box turtle
404,Orbadiah,Hacket,ohacketb7@cbsnews.com,Male,"Robin, white-throated"
405,Evy,Northeast,enortheastb8@noaa.gov,Female,"Tern, white-winged black"
406,Kippar,Loftin,kloftinb9@networkadvertising.org,Male,Puna ibis
407,Caresse,Rambaut,crambautba@google.nl,Female,"Deer, red"
408,Reggis,Jeens,rjeensbb@freewebs.com,Male,"Macaque, japanese"
409,Kayle,Scullion,kscullionbc@edublogs.org,Female,"Sparrow, rufous-collared"
410,Jaquelin,Le Batteur,jlebatteurbd@army.mil,Female,Red-billed buffalo weaver
411,Whit,Bullock,wbullockbe@hud.gov,Male,"Bee-eater, white-fronted"
412,Evin,Lynett,elynettbf@illinois.edu,Male,African darter
413,Gussie,Romayne,gromaynebg@cam.ac.uk,Female,"Monitor, water"
414,Darb,Dudlestone,ddudlestonebh@lulu.com,Female,"Spider, wolf"
415,Berthe,Shales,bshalesbi@yahoo.com,Female,Madagascar hawk owl
416,Iona,Chaudhry,ichaudhrybj@icio.us,Female,"Fox, blue"
417,Odo,Georgi,ogeorgibk@fastcompany.com,Male,Wood pigeon
418,Victoir,Wapol,vwapolbl@freewebs.com,Male,Cape white-eye
419,Andromache,Rosencwaig,arosencwaigbm@sina.com.cn,Female,"Dove, little brown"
420,Jerrie,Hearley,jhearleybn@icio.us,Female,Woodrat (unidentified)
421,Amandie,Hintze,ahintzebo@google.nl,Female,"Grouse, sage"
422,Darcy,Linacre,dlinacrebp@bloomberg.com,Male,Jaguarundi
423,Mikey,Filyaev,mfilyaevbq@psu.edu,Male,Marabou stork
424,Ruy,Keel,rkeelbr@sourceforge.net,Male,Black-collared barbet
425,Corette,Simonyi,csimonyibs@epa.gov,Female,"Cormorant, large"
426,Kiley,Darton,kdartonbt@mit.edu,Female,"Wapiti, elk,"
427,Dex,Meindl,dmeindlbu@xinhuanet.com,Male,Common brushtail possum
428,Hyatt,Carous,hcarousbv@imgur.com,Male,Grey-footed squirrel
429,Lloyd,Troth,ltrothbw@berkeley.edu,Male,Yak
430,Janeta,Mehew,jmehewbx@mail.ru,Female,"Bandicoot, short-nosed"
431,Darcee,Yaakov,dyaakovby@time.com,Female,Guerza
432,Torrey,Tolliday,ttollidaybz@prlog.org,Male,House crow
433,Lamar,McGarel,lmcgarelc0@homestead.com,Male,Sloth bear
434,Neils,Caush,ncaushc1@nbcnews.com,Male,"Vulture, griffon"
435,Hallsy,Hornig,hhornigc2@lycos.com,Male,Little cormorant
436,Noellyn,Bonin,nboninc3@bbb.org,Female,Emerald green tree boa
437,Hedwiga,Verriour,hverriourc4@paypal.com,Female,Striped skunk
438,Hallsy,Ashe,hashec5@dmoz.org,Male,"Marshbird, brown and yellow"
439,Lazarus,Woffinden,lwoffindenc6@comcast.net,Male,White-faced whistling duck
440,Lizette,Lalley,llalleyc7@drupal.org,Female,"Cockatoo, roseate"
441,Lucho,Stoffers,lstoffersc8@theguardian.com,Male,"Kangaroo, red"
442,Gaspard,Baskeyfield,gbaskeyfieldc9@about.com,Male,"Flycatcher, tyrant"
443,Bucky,Thaxter,bthaxterca@nasa.gov,Male,Magistrate black colobus
444,Westbrooke,Revel,wrevelcb@constantcontact.com,Male,Civet cat
445,Sergei,Aylott,saylottcc@gmpg.org,Male,"Skunk, striped"
446,Peter,Tames,ptamescd@marriott.com,Male,"Owl, australian masked"
447,Balduin,Bowerman,bbowermance@businessinsider.com,Male,Uinta ground squirrel
448,Madel,Newbury,mnewburycf@xrea.com,Female,"Falcon, prairie"
449,Roddy,Banaszczyk,rbanaszczykcg@chronoengine.com,Male,"Starling, red-shouldered glossy"
450,Neille,Polden,npoldench@tripod.com,Female,Crab (unidentified)
451,Reginald,Devany,rdevanyci@wikispaces.com,Male,Lesser flamingo
452,Gordan,Nock,gnockcj@stanford.edu,Male,Knob-nosed goose
453,Eadie,McOwen,emcowenck@mit.edu,Female,"Rhea, common"
454,Fifine,Ewan,fewancl@cafepress.com,Female,"Chipmunk, least"
455,Thurstan,Veysey,tveyseycm@harvard.edu,Male,"Jackal, silver-backed"
456,Jermayne,Dorsey,jdorseycn@privacy.gov.au,Male,"Dragonfly, russian"
457,Willie,Chrstine,wchrstineco@histats.com,Male,"Fox, crab-eating"
458,Minny,Muddicliffe,mmuddicliffecp@nps.gov,Female,Bald eagle
459,Cherilyn,Winpenny,cwinpennycq@google.cn,Female,"Stork, white"
460,Max,Antoniewicz,mantoniewiczcr@de.vu,Male,"Cat, kaffir"
461,Mehetabel,Chong,mchongcs@weebly.com,Female,American Virginia opossum
462,Pepito,O'Sherrin,posherrinct@microsoft.com,Male,"Owl, white-browed"
463,Dierdre,Moynihan,dmoynihancu@blog.com,Female,Burmese black mountain tortoise
464,Merola,Keogh,mkeoghcv@answers.com,Female,Greater flamingo
465,Cherise,Nuttall,cnuttallcw@who.int,Female,"Duck, white-faced whistling"
466,Marji,Mounfield,mmounfieldcx@themeforest.net,Female,"Lemur, brown"
467,Johny,Phette,jphettecy@eventbrite.com,Male,Black-footed ferret
468,Kasey,Jelleman,kjellemancz@sogou.com,Female,"Wallaby, agile"
469,Buiron,Lound,bloundd0@shareasale.com,Male,"Snake, carpet"
470,Scarface,Geal,sgeald1@discuz.net,Male,"Shrike, crimson-breasted"
471,Demetris,Adne,dadned2@cargocollective.com,Male,"Lemming, arctic"
472,Barb,De Gogay,bdegogayd3@zdnet.com,Female,"Lion, mountain"
473,Clyve,Marcoolyn,cmarcoolynd4@ucla.edu,Male,"Sloth, pale-throated three-toed"
474,Minnnie,Selbach,mselbachd5@wsj.com,Female,Galapagos dove
475,Jonathan,Thomerson,jthomersond6@mail.ru,Male,Guanaco
476,Leoline,Linklater,llinklaterd7@phpbb.com,Female,Pied avocet
477,Eugene,McKay,emckayd8@independent.co.uk,Male,Python (unidentified)
478,Benjy,Gigg,bgiggd9@shutterfly.com,Male,"Cormorant, javanese"
479,Herta,Heathcote,hheathcoteda@google.com.br,Female,Three-banded plover
480,Maxine,Lampel,mlampeldb@goodreads.com,Female,"Snake, tiger"
481,Modestine,McPartling,mmcpartlingdc@bloglines.com,Female,"Goose, canada"
482,Becka,Cahalan,bcahalandd@so-net.ne.jp,Female,Pallas's fish eagle
483,Ernesto,Sher,esherde@dot.gov,Male,"Siskin, pine"
484,Meryl,Bartolic,mbartolicdf@ft.com,Male,Swainson's francolin
485,Madelaine,Millsap,mmillsapdg@odnoklassniki.ru,Female,"Crake, african black"
486,Cass,Besnard,cbesnarddh@joomla.org,Male,"Stork, woolly-necked"
487,Vergil,Kittless,vkittlessdi@delicious.com,Male,Red-necked phalarope
488,Hillery,Lillecrop,hlillecropdj@linkedin.com,Male,Paca
489,April,Marrington,amarringtondk@ox.ac.uk,Female,Jungle kangaroo
490,Amalee,Neild,aneilddl@elpais.com,Female,Small-clawed otter
491,Alyosha,Hearsum,ahearsumdm@mail.ru,Male,Steenbok
492,Gav,Cay,gcaydn@va.gov,Male,"Iguana, marine"
493,Pinchas,Franks,pfranksdo@jalbum.net,Male,Spotted deer
494,Berget,Terrell,bterrelldp@issuu.com,Female,"Heron, green-backed"
495,Melisse,Hamal,mhamaldq@seattletimes.com,Female,"Lark, horned"
496,Pet,Kilgour,pkilgourdr@google.com.au,Female,Ringtail
497,Niles,Phillimore,nphillimoreds@google.de,Male,"Bat, madagascar fruit"
498,Reena,Naisby,rnaisbydt@unblog.fr,Female,Galapagos hawk
499,Adiana,Rispen,arispendu@umich.edu,Female,"Boar, wild"
500,Nickolaus,MacDonell,nmacdonelldv@usnews.com,Male,African buffalo
501,Swen,Cymper,scymperdw@artisteer.com,Male,Golden brush-tailed possum
502,Marja,Piddle,mpiddledx@ameblo.jp,Female,Frilled dragon
503,Gerti,Di Ruggero,gdiruggerody@auda.org.au,Female,Hyrax
504,Octavius,Egar,oegardz@whitehouse.gov,Male,"Eagle, crowned"
505,Yoko,Petracci,ypetraccie0@free.fr,Female,Red-knobbed coot
506,Mile,Comerford,mcomerforde1@instagram.com,Male,South American meadowlark (unidentified)
507,Yolande,Chansonnau,ychansonnaue2@youtube.com,Female,"Rat, arboral spiny"
508,Cora,Rabidge,crabidgee3@hao123.com,Female,"Vulture, white-rumped"
509,Sauncho,Goodswen,sgoodswene4@deliciousdays.com,Male,Rainbow lory
510,Gawen,Huddles,ghuddlese5@parallels.com,Male,"Albatross, waved"
511,Saunders,Ollie,solliee6@yellowpages.com,Male,"Turtle, snake-necked"
512,Dora,Boleyn,dboleyne7@wp.com,Female,"Gull, herring"
513,Adlai,Hovey,ahoveye8@cbslocal.com,Male,Malabar squirrel
514,Balduin,Krugmann,bkrugmanne9@newyorker.com,Male,White-throated robin
515,Brnaba,Yakebovitch,byakebovitchea@miibeian.gov.cn,Male,Gray langur
516,Tabby,Katz,tkatzeb@wikimedia.org,Female,"Swan, trumpeter"
517,Willie,Dykas,wdykasec@soundcloud.com,Male,"Mongoose, banded"
518,Trumaine,Millam,tmillamed@fda.gov,Male,"Squirrel, richardson's ground"
519,Fidole,Hugonet,fhugonetee@com.com,Male,Emerald green tree boa
520,Kippie,Allsup,kallsupef@mapy.cz,Male,Elegant crested tinamou
521,Boris,Blackmore,bblackmoreeg@1und1.de,Male,"Phalarope, red-necked"
522,Dawna,Sheaber,dsheabereh@livejournal.com,Female,"Duiker, common"
523,Ertha,Greenough,egreenoughei@google.com.hk,Female,Sugar glider
524,Meriel,Gypps,mgyppsej@redcross.org,Female,Pied cormorant
525,Anabel,MacTavish,amactavishek@seesaa.net,Female,"Shrike, crimson-breasted"
526,Igor,Haithwaite,ihaithwaiteel@dot.gov,Male,"Eagle, pallas's fish"
527,Brigitta,Slewcock,bslewcockem@vistaprint.com,Female,Galapagos tortoise
528,Heida,Broggio,hbroggioen@plala.or.jp,Female,Sidewinder
529,Roberto,Harmes,rharmeseo@wix.com,Male,"Crane, brolga"
530,Barr,Watkinson,bwatkinsonep@wp.com,Male,"Bison, american"
531,Cris,Huish,chuisheq@disqus.com,Male,Common langur
532,Marcy,Gogan,mgoganer@posterous.com,Female,White-winged black tern
533,Anna,Bridges,abridgeses@princeton.edu,Female,Giant anteater
534,Colleen,Murfin,cmurfinet@livejournal.com,Female,"Waxbill, black-cheeked"
535,Elnar,Houldin,ehouldineu@auda.org.au,Male,"Otter, canadian river"
536,Nellie,Smullin,nsmullinev@nymag.com,Female,"Ibis, puna"
537,Ax,Symon,asymonew@dmoz.org,Male,"Phalarope, grey"
538,Porter,Hagley,phagleyex@omniture.com,Male,Gemsbok
539,Bastien,Geffen,bgeffeney@paginegialle.it,Male,Swamp deer
540,Kiah,Duckitt,kduckittez@paypal.com,Female,Glossy starling (unidentified)
541,Ashbey,Dyet,adyetf0@addthis.com,Male,Seven-banded armadillo
542,Retha,Craigheid,rcraigheidf1@tripadvisor.com,Female,Bird (unidentified)
543,Ayn,Shepeard,ashepeardf2@google.pl,Female,"Squirrel, richardson's ground"
544,Alberta,Rawls,arawlsf3@wufoo.com,Female,"Crane, sarus"
545,Ilaire,Trewett,itrewettf4@cargocollective.com,Male,"Flamingo, greater"
546,Shanie,Rennock,srennockf5@shop-pro.jp,Female,"Bird, pied butcher"
547,Thacher,Botterill,tbotterillf6@aboutads.info,Male,American alligator
548,Kris,Proctor,kproctorf7@cloudflare.com,Female,Gaur
549,Fransisco,Sollner,fsollnerf8@google.ru,Male,"Sparrow, rufous-collared"
550,Dulcie,Shipton,dshiptonf9@prnewswire.com,Female,"Seal, harbor"
551,Ransom,Lethardy,rlethardyfa@constantcontact.com,Male,Egyptian goose
552,Selina,Camellini,scamellinifb@ehow.com,Female,Mocking cliffchat
553,Brod,Itskovitz,bitskovitzfc@pinterest.com,Male,"Avocet, pied"
554,Esra,Brickner,ebricknerfd@dailymail.co.uk,Male,Hippopotamus
555,Yvor,Disbury,ydisburyfe@netscape.com,Male,"Dog, african wild"
556,Dougie,Cathie,dcathieff@51.la,Male,"Frogmouth, tawny"
557,Ugo,Croyden,ucroydenfg@netlog.com,Male,Yellow-necked spurfowl
558,Lyon,Guyan,lguyanfh@bizjournals.com,Male,American bighorn sheep
559,Helen-elizabeth,Bukac,hbukacfi@yandex.ru,Female,Malagasy ground boa
560,Gris,Burder,gburderfj@histats.com,Male,"Screamer, southern"
561,Inigo,Simounet,isimounetfk@sourceforge.net,Male,Gray duiker
562,Veriee,Joberne,vjobernefl@slideshare.net,Female,Black-crowned crane
563,Deane,Whyberd,dwhyberdfm@wired.com,Female,"Badger, honey"
564,Federica,McAteer,fmcateerfn@dyndns.org,Female,"Rattlesnake, dusky"
565,Leoline,Renshell,lrenshellfo@xrea.com,Female,Dassie
566,Rodge,Pummell,rpummellfp@hud.gov,Male,Silver gull
567,Min,Chamberlen,mchamberlenfq@163.com,Female,Radiated tortoise
568,Dietrich,Friary,dfriaryfr@prnewswire.com,Male,White-browed sparrow weaver
569,Clifford,Stallebrass,cstallebrassfs@dion.ne.jp,Male,"Snake, carpet"
570,Ennis,Zohrer,ezohrerft@wired.com,Male,"Hare, arctic"
571,Virginia,Wooland,vwoolandfu@quantcast.com,Female,"Tortoise, desert"
572,Freemon,Shatliffe,fshatliffefv@deliciousdays.com,Male,"Raccoon, crab-eating"
573,Michell,Paolozzi,mpaolozzifw@cpanel.net,Female,Woodrat (unidentified)
574,Morgen,Liell,mliellfx@eepurl.com,Female,Crowned hawk-eagle
575,Claudius,Alywin,calywinfy@ifeng.com,Male,Dingo
576,Omar,Maffione,omaffionefz@psu.edu,Male,Orca
577,Linell,Ridsdell,lridsdellg0@cam.ac.uk,Female,"Squirrel, malabar"
578,Raviv,Mulvihill,rmulvihillg1@about.com,Male,"Glider, feathertail"
579,Bernardo,Pitson,bpitsong2@scribd.com,Male,"Lynx, african"
580,Madlin,Duigenan,mduigenang3@eepurl.com,Female,Hippopotamus
581,Yance,Poad,ypoadg4@unicef.org,Male,Orca
582,Mia,Clemenceau,mclemenceaug5@scientificamerican.com,Female,Gelada baboon
583,Antoinette,Bras,abrasg6@yahoo.co.jp,Female,Steenbuck
584,Phebe,Heatlie,pheatlieg7@eepurl.com,Female,"Oryx, beisa"
585,Madelyn,McGonagle,mmcgonagleg8@reference.com,Female,"Skua, long-tailed"
586,Byron,Fewkes,bfewkesg9@dailymotion.com,Male,"Shrike, southern white-crowned"
587,Jareb,Boal,jboalga@google.es,Male,Steenbuck
588,Thomasine,Pochin,tpochingb@qq.com,Female,"Dragonfly, russian"
589,Franky,Murrock,fmurrockgc@disqus.com,Male,"Kiskadee, great"
590,Andrei,Mcettrick,amcettrickgd@comsenz.com,Female,"Heron, boat-billed"
591,Robinson,Beck,rbeckge@ehow.com,Male,Azara's zorro
592,Kirsteni,Oloshkin,koloshkingf@europa.eu,Female,"Gecko, ring-tailed"
593,Kakalina,Edwardson,kedwardsongg@vkontakte.ru,Female,"Elk, Wapiti"
594,Amy,Aspell,aaspellgh@gmpg.org,Female,Tsessebe
595,Gilles,O'Henecan,gohenecangi@webs.com,Male,"Shark, blue"
596,Elston,Dicte,edictegj@apache.org,Male,"Sparrow, rufous-collared"
597,Donalt,Menhci,dmenhcigk@slate.com,Male,"Gull, silver"
598,Sarena,Server,sservergl@microsoft.com,Female,"Stork, woolly-necked"
599,Melissa,Adcock,madcockgm@walmart.com,Female,American woodcock
600,Findley,Kersley,fkersleygn@alibaba.com,Male,"Lion, galapagos sea"
601,Mirabel,Slad,msladgo@ezinearticles.com,Female,"Porcupine, indian"
602,Dorolisa,Smowton,dsmowtongp@ehow.com,Female,"Gazer, sun"
603,Bill,Endon,bendongq@cpanel.net,Male,"Dove, galapagos"
604,Waverly,Lantaff,wlantaffgr@dell.com,Male,African pied wagtail
605,Glory,Brunner,gbrunnergs@wisc.edu,Female,Hudsonian godwit
606,Norbie,Sturzaker,nsturzakergt@state.gov,Male,Black-winged stilt
607,Saree,Tant,stantgu@storify.com,Female,Blacksmith plover
608,Van,Dionsetto,vdionsettogv@go.com,Male,Egyptian vulture
609,Xavier,Anderbrugge,xanderbruggegw@bandcamp.com,Male,"Dove, laughing"
610,Elmo,Todaro,etodarogx@deviantart.com,Male,"Sandgrouse, yellow-throated"
611,Fina,Bringloe,fbringloegy@sogou.com,Female,"Bird, magnificent frigate"
612,Elyssa,Lakeman,elakemangz@census.gov,Female,Pied avocet
613,Ranna,Wibrew,rwibrewh0@freewebs.com,Female,"Francolin, swainson's"
614,Vincenz,Dimmack,vdimmackh1@multiply.com,Male,Chital
615,Lester,Trevan,ltrevanh2@google.fr,Male,"Deer, spotted"
616,Skipper,Coathup,scoathuph3@google.com,Male,African fish eagle
617,Sheila-kathryn,Pike,spikeh4@liveinternet.ru,Female,"Stork, european"
618,Sybila,Haibel,shaibelh5@ocn.ne.jp,Female,"Beaver, north american"
619,Cooper,Farey,cfareyh6@umich.edu,Male,Saddle-billed stork
620,Susanna,Adolfson,sadolfsonh7@ox.ac.uk,Female,"Porcupine, crested"
621,Irv,Espley,iespleyh8@amazonaws.com,Male,Thomson's gazelle
622,Emmit,de Almeida,edealmeidah9@symantec.com,Male,Tawny eagle
623,Bax,Lyfield,blyfieldha@npr.org,Male,Chameleon (unidentified)
624,Smith,Jarrad,sjarradhb@google.cn,Male,"Fox, asian red"
625,Tabbatha,Baxandall,tbaxandallhc@princeton.edu,Female,Ibex
626,Morton,Michele,mmichelehd@topsy.com,Male,"Stork, woolly-necked"
627,Cyndia,Vosse,cvossehe@craigslist.org,Female,"Lion, california sea"
628,Valaria,Cobello,vcobellohf@mit.edu,Female,"Loris, slender"
629,Sigismundo,Walwood,swalwoodhg@google.com.hk,Male,Grant's gazelle
630,Nobe,Shorton,nshortonhh@live.com,Male,Tokay gecko
631,Baxter,Worral,bworralhi@issuu.com,Male,"Tarantula, salmon pink bird eater"
632,Thedric,Decruse,tdecrusehj@oakley.com,Male,"Eagle, long-crested hawk"
633,Farlee,Blacket,fblackethk@cloudflare.com,Male,Javan gold-spotted mongoose
634,Georges,Valentin,gvalentinhl@springer.com,Male,Northern phalarope
635,George,Siemandl,gsiemandlhm@ed.gov,Male,"Dove, galapagos"
636,Rozanna,Cowle,rcowlehn@apple.com,Female,"Anteater, giant"
637,Sabra,Chettle,schettleho@symantec.com,Female,"Jaeger, long-tailed"
638,Tamiko,Keele,tkeelehp@mapy.cz,Female,"Otter, small-clawed"
639,Beverley,Kegg,bkegghq@w3.org,Female,Small-spotted genet
640,Shaylah,Crispe,scrispehr@issuu.com,Female,Emu
641,Crysta,Trudgeon,ctrudgeonhs@wikipedia.org,Female,Common seal
642,Jo-ann,Sancraft,jsancraftht@devhub.com,Female,Bontebok
643,Melony,Withams,mwithamshu@sourceforge.net,Female,Rose-ringed parakeet
644,Jeannie,Kleinsinger,jkleinsingerhv@reddit.com,Female,Spotted-tailed quoll
645,Ky,Ceschelli,kceschellihw@surveymonkey.com,Male,"Francolin, coqui"
646,Dennis,Jeacocke,djeacockehx@ustream.tv,Male,"Porcupine, tree"
647,Wallas,Nisbith,wnisbithhy@berkeley.edu,Male,"Grenadier, purple"
648,Cristobal,Nerheny,cnerhenyhz@constantcontact.com,Male,"Stork, painted"
649,Brook,Randerson,brandersoni0@squarespace.com,Male,Royal tern
650,Tatiana,Oakman,toakmani1@un.org,Female,"Cockatoo, long-billed"
651,Ambur,Worton,awortoni2@sfgate.com,Female,"Grebe, little"
652,Israel,Spikings,ispikingsi3@feedburner.com,Male,Pallas's fish eagle
653,Roxine,Lavender,rlavenderi4@cnbc.com,Female,Crab-eating raccoon
654,Gustave,McCarrison,gmccarrisoni5@pcworld.com,Male,White-nosed coatimundi
655,Fey,Everist,feveristi6@bloomberg.com,Female,Black curlew
656,Ame,Coffee,acoffeei7@shop-pro.jp,Female,"Tinamou, elegant crested"
657,Chandal,Packham,cpackhami8@google.ru,Female,"Hoopoe, eurasian"
658,Delaney,Larrosa,dlarrosai9@archive.org,Male,"Deer, swamp"
659,Jerrilyn,Woodburne,jwoodburneia@mozilla.com,Female,Common goldeneye
660,Laural,Whalley,lwhalleyib@cornell.edu,Female,"Ferret, black-footed"
661,Kaine,Askew,kaskewic@adobe.com,Male,White-browed sparrow weaver
662,Paulo,Gentil,pgentilid@businesswire.com,Male,"Squirrel, eurasian red"
663,Nari,Olliffe,nolliffeie@altervista.org,Female,"Fox, asian red"
664,Prentice,Reck,preckif@vinaora.com,Male,"Bustard, kori"
665,Opalina,Bulluck,obulluckig@exblog.jp,Female,"Lorikeet, scaly-breasted"
666,Nata,Dwyer,ndwyerih@google.de,Female,Malay squirrel (unidentified)
667,Melonie,Lutsch,mlutschii@nsw.gov.au,Female,Southern hairy-nosed wombat
668,Kassandra,Mathewes,kmathewesij@newyorker.com,Female,"Goose, egyptian"
669,Calv,Lagen,clagenik@unblog.fr,Male,Gila monster
670,Doralynne,Biasetti,dbiasettiil@stumbleupon.com,Female,Long-crested hawk eagle
671,Gregorius,McGuff,gmcguffim@nytimes.com,Male,"Bat, madagascar fruit"
672,Lamond,Goldup,lgoldupin@sphinn.com,Male,"Squirrel, indian giant"
673,Randal,Eseler,reselerio@census.gov,Male,Red-winged hawk (unidentified)
674,Rowe,Langcastle,rlangcastleip@patch.com,Female,"Jackal, indian"
675,Paquito,Moseby,pmosebyiq@tripod.com,Male,African elephant
676,Zachery,Quillinane,zquillinaneir@webnode.com,Male,"Pheasant, ring-necked"
677,Ceciley,Jeduch,cjeduchis@pen.io,Female,Bent-toed gecko
678,Lorin,Karlik,lkarlikit@examiner.com,Male,Red-legged pademelon
679,Stacie,Rhule,srhuleiu@businesswire.com,Female,Tiger cat
680,Madison,Learoid,mlearoidiv@hao123.com,Male,"Coatimundi, white-nosed"
681,Ambrose,Swainson,aswainsoniw@ibm.com,Male,"Monitor, two-banded"
682,Cornelius,Creak,ccreakix@hugedomains.com,Male,"Starling, cape"
683,Hortense,McMonnies,hmcmonniesiy@naver.com,Female,Greylag goose
684,Erinn,Wiffler,ewiffleriz@usda.gov,Female,"Spoonbill, european"
685,Sophey,Syphus,ssyphusj0@redcross.org,Female,"Heron, giant"
686,Genvieve,Ashworth,gashworthj1@ning.com,Female,White-winged tern
687,Humfrey,Fowlston,hfowlstonj2@sun.com,Male,"Rhinoceros, black"
688,Vasilis,Gillbey,vgillbeyj3@linkedin.com,Male,Gray langur
689,Eddie,Crippill,ecrippillj4@nsw.gov.au,Male,"Colobus, black and white"
690,Kevan,Westwater,kwestwaterj5@washingtonpost.com,Male,"Jackal, black-backed"
691,Gussie,Hacksby,ghacksbyj6@freewebs.com,Female,Black curlew
692,Reamonn,Etoile,retoilej7@blinklist.com,Male,"Gull, pacific"
693,Otis,Derrick,oderrickj8@chron.com,Male,Cheetah
694,Katuscha,Crayden,kcraydenj9@zdnet.com,Female,Rhesus monkey
695,Linn,Saberton,lsabertonja@cnn.com,Male,"Cat, toddy"
696,Hewe,Casarini,hcasarinijb@bravesites.com,Male,Tasmanian devil
697,Margalit,Jantot,mjantotjc@deliciousdays.com,Female,Impala
698,Estelle,Craigie,ecraigiejd@ameblo.jp,Female,Moose
699,Teddy,Findon,tfindonje@constantcontact.com,Female,"Glider, sugar"
700,Correy,Sowte,csowtejf@cyberchimps.com,Male,"Zorro, azara's"
701,Holly,Letty,hlettyjg@statcounter.com,Female,"Gecko, ring-tailed"
702,Shelby,Flawith,sflawithjh@blogger.com,Male,Sockeye salmon
703,Harmonia,Tiebe,htiebeji@nih.gov,Female,"Catfish, blue"
704,Theda,Luxford,tluxfordjj@npr.org,Female,"Shark, blue"
705,Iorgos,Lenormand,ilenormandjk@tmall.com,Male,Tasmanian devil
706,Pail,Samber,psamberjl@pagesperso-orange.fr,Male,"Badger, eurasian"
707,Eugenia,Vanne,evannejm@wiley.com,Female,Burmese brown mountain tortoise
708,Aurore,Jonczyk,ajonczykjn@walmart.com,Female,Orca
709,Alyssa,Domniney,adomnineyjo@springer.com,Female,Woylie
710,Fidel,Farncombe,ffarncombejp@ustream.tv,Male,"Egret, snowy"
711,Caryl,O'Meara,comearajq@imageshack.us,Female,"Iguana, land"
712,Arlen,Willett,awillettjr@ihg.com,Male,"Pie, rufous tree"
713,Alberik,Osmint,aosmintjs@nationalgeographic.com,Male,"Hornbill, yellow-billed"
714,Eilis,Knowlman,eknowlmanjt@hostgator.com,Female,Common palm civet
715,Garrick,Moncur,gmoncurju@wikia.com,Male,"Wallaby, tammar"
716,Lawry,Mapam,lmapamjv@unblog.fr,Male,Ornate rock dragon
717,Gae,Gersam,ggersamjw@noaa.gov,Female,Coqui francolin
718,Irwinn,Birks,ibirksjx@ed.gov,Male,Agile wallaby
719,Gabriela,Pyle,gpylejy@cbslocal.com,Female,Lilac-breasted roller
720,Yevette,Aldred,yaldredjz@typepad.com,Female,Sulfur-crested cockatoo
721,Woody,Bowler,wbowlerk0@163.com,Male,"Sandgrouse, yellow-throated"
722,Leena,Syratt,lsyrattk1@naver.com,Female,Margay
723,Lena,Palffy,lpalffyk2@tuttocitta.it,Female,White-tailed deer
724,Aurlie,Zeal,azealk3@typepad.com,Female,"Rhinoceros, white"
725,Alfy,Hrinchishin,ahrinchishink4@tinyurl.com,Male,"Possum, common brushtail"
726,Alma,Lufkin,alufkink5@moonfruit.com,Female,Galapagos penguin
727,Ignaz,Clark,iclarkk6@instagram.com,Male,"Sparrow, house"
728,Maxy,Archambault,marchambaultk7@indiatimes.com,Male,"Kangaroo, western grey"
729,Elnora,Sergant,esergantk8@mozilla.org,Female,Short-nosed bandicoot
730,Harmonie,Serrell,hserrellk9@imgur.com,Female,Feathertail glider
731,Daryn,Sedgemond,dsedgemondka@paginegialle.it,Female,Ground legaan
732,Maryl,Kirkpatrick,mkirkpatrickkb@prlog.org,Female,Eastern cottontail rabbit
733,Ardelis,Dugmore,adugmorekc@nydailynews.com,Female,"Lion, mountain"
734,Joscelin,Jepps,jjeppskd@tripod.com,Female,"Dragon, western bearded"
735,Aurelea,Clelland,aclellandke@vimeo.com,Female,Eastern cottontail rabbit
736,Tillie,Baroux,tbarouxkf@europa.eu,Female,"Rattlesnake, horned"
737,Van,O'Canavan,vocanavankg@gov.uk,Male,"Kingfisher, malachite"
738,Kanya,Bukac,kbukackh@wp.com,Female,Cape clawless otter
739,Nessy,Adame,nadameki@fastcompany.com,Female,African snake (unidentified)
740,Timothee,Elfe,telfekj@princeton.edu,Male,Rainbow lory
741,Martina,Taplin,mtaplinkk@istockphoto.com,Female,"Monkey, red howler"
742,Nonnah,Whitefoot,nwhitefootkl@qq.com,Female,"Dog, bush"
743,Teodora,Jarret,tjarretkm@gmpg.org,Female,Canadian tiger swallowtail butterfly
744,Eberhard,Hawksby,ehawksbykn@so-net.ne.jp,Male,"Beaver, eurasian"
745,Dalt,Tigner,dtignerko@edublogs.org,Male,Ring-tailed gecko
746,Rube,Desaur,rdesaurkp@boston.com,Male,African wild dog
747,Augustus,Baulk,abaulkkq@imageshack.us,Male,Long-nosed bandicoot
748,Wayland,Mackro,wmackrokr@mit.edu,Male,Yak
749,Tuesday,Drohan,tdrohanks@usatoday.com,Female,Old world fruit bat (unidentified)
750,Ashien,Gasparro,agasparrokt@skyrock.com,Female,"Toucan, red-billed"
751,Carmita,Rubinovitch,crubinovitchku@ibm.com,Female,Southern right whale
752,Eleonore,Ackerley,eackerleykv@elegantthemes.com,Female,Malay squirrel (unidentified)
753,Leland,Blaxlande,lblaxlandekw@ustream.tv,Male,Southern boubou
754,Carlen,Cremer,ccremerkx@bing.com,Female,Malay squirrel (unidentified)
755,Allina,Brooksbie,abrooksbieky@ftc.gov,Female,Yellow-headed caracara
756,Sheffield,Carren,scarrenkz@guardian.co.uk,Male,"Jaeger, long-tailed"
757,Christoper,Mavin,cmavinl0@msn.com,Male,Bonnet macaque
758,Shandee,Riolfo,sriolfol1@google.co.uk,Female,Whip-tailed wallaby
759,Sibby,Joddens,sjoddensl2@microsoft.com,Female,"Gull, pacific"
760,Annmaria,Olivo,aolivol3@craigslist.org,Female,"Vulture, king"
761,Jens,Jennery,jjenneryl4@phpbb.com,Male,African polecat
762,Tracie,Perel,tperell5@icio.us,Male,"Heron, giant"
763,Sigismond,Fargher,sfargherl6@so-net.ne.jp,Male,"Cat, kaffir"
764,Cozmo,Robuchon,crobuchonl7@facebook.com,Male,"Rhinoceros, black"
765,Aeriela,Mc Ilory,amciloryl8@ted.com,Female,Sage grouse
766,Laurens,Lincoln,llincolnl9@oakley.com,Male,"Penguin, fairy"
767,Janis,Comerford,jcomerfordla@rambler.ru,Female,"Tortoise, desert"
768,Thatcher,Bladder,tbladderlb@chron.com,Male,Southern ground hornbill
769,Derk,Zohrer,dzohrerlc@typepad.com,Male,"Possum, western pygmy"
770,Wyn,Guilloux,wguillouxld@walmart.com,Male,"Gull, kelp"
771,Broddie,Wallbrook,bwallbrookle@mac.com,Male,Ferruginous hawk
772,Gun,Glassborow,gglassborowlf@plala.or.jp,Male,Bush dog
773,Bordie,Labell,blabelllg@posterous.com,Male,"Partridge, coqui"
774,Nolan,Harsent,nharsentlh@nifty.com,Male,Thomson's gazelle
775,Barde,Marcroft,bmarcroftli@washington.edu,Male,Jungle cat
776,Virgina,Minto,vmintolj@odnoklassniki.ru,Female,Gray langur
777,Reuben,Trussman,rtrussmanlk@exblog.jp,Male,"Skink, african"
778,Nelli,Fauning,nfauningll@howstuffworks.com,Female,"Shrike, common boubou"
779,Jonah,Schoular,jschoularlm@sitemeter.com,Male,Springbuck
780,Hurlee,Benyan,hbenyanln@utexas.edu,Male,Pied crow
781,Isidora,Geerling,igeerlinglo@bbb.org,Female,Whip-tailed wallaby
782,Goddard,Pashba,gpashbalp@usatoday.com,Male,"Deer, red"
783,Fiona,Domeny,fdomenylq@tinyurl.com,Female,Common turkey
784,Austin,Millar,amillarlr@barnesandnoble.com,Male,"Roller, lilac-breasted"
785,Stanleigh,Charge,schargels@ucsd.edu,Male,Mountain goat
786,Andrej,Esseby,aessebylt@yahoo.com,Male,Egyptian cobra
787,Jerrine,Bertolin,jbertolinlu@narod.ru,Female,"Stork, jabiru"
788,Corabel,Facer,cfacerlv@creativecommons.org,Female,"Anteater, giant"
789,Base,Huller,bhullerlw@redcross.org,Male,"Francolin, swainson's"
790,Rudolph,Conahy,rconahylx@nymag.com,Male,"Goose, cape barren"
791,Richie,Amsberger,ramsbergerly@storify.com,Male,"Lizard, collared"
792,Monika,Colleran,mcolleranlz@weibo.com,Female,Hoary marmot
793,Melloney,Vynehall,mvynehallm0@tamu.edu,Female,"Mongoose, javan gold-spotted"
794,Dmitri,Rapp,drappm1@purevolume.com,Male,White-throated toucan
795,Ethelred,Keune,ekeunem2@lulu.com,Male,"Penguin, little blue"
796,Braden,Crocken,bcrockenm3@bravesites.com,Male,Silver gull
797,Paxon,Lapsley,plapsleym4@seattletimes.com,Male,Swallow (unidentified)
798,Elias,Apedaile,eapedailem5@thetimes.co.uk,Male,"Eagle, bald"
799,Rouvin,Kegley,rkegleym6@ovh.net,Male,"Cat, european wild"
800,Laural,Disney,ldisneym7@dropbox.com,Female,"Vulture, egyptian"
801,Rebecka,Cracknall,rcracknallm8@123-reg.co.uk,Female,Pine snake (unidentified)
802,Filmore,Jeram,fjeramm9@opensource.org,Male,"Deer, mule"
803,Fraser,Dunnico,fdunnicoma@intel.com,Male,European beaver
804,Dory,Antonellini,dantonellinimb@skype.com,Male,"Wallaby, whip-tailed"
805,Duffy,Gantzer,dgantzermc@zimbio.com,Male,"Hen, sage"
806,Lezley,O'Regan,loreganmd@blog.com,Male,"Bulbul, black-eyed"
807,Bobby,Knibbs,bknibbsme@engadget.com,Male,"Flamingo, roseat"
808,Waylan,Cusick,wcusickmf@alibaba.com,Male,Glossy ibis
809,Niven,Morrott,nmorrottmg@apple.com,Male,Palm squirrel
810,Kelly,Gallaher,kgallahermh@telegraph.co.uk,Female,Tawny frogmouth
811,Lorinda,Fulham,lfulhammi@goo.gl,Female,Red-tailed wambenger
812,Jeane,Wickenden,jwickendenmj@hugedomains.com,Female,Fork-tailed drongo
813,Crystal,Whittlesey,cwhittleseymk@moonfruit.com,Female,Trumpeter swan
814,Adah,Selly,asellyml@soup.io,Female,"Squirrel, eastern fox"
815,Ludvig,Pincked,lpinckedmm@lulu.com,Male,African lynx
816,Franny,Reilly,freillymn@deviantart.com,Male,Common wombat
817,Vi,Alders,valdersmo@ifeng.com,Female,Large-eared bushbaby
818,Carlos,Ruckhard,cruckhardmp@istockphoto.com,Male,Steenbok
819,Ariana,Goshawke,agoshawkemq@boston.com,Female,Steenbuck
820,Tremayne,Perotti,tperottimr@google.com.hk,Male,White-winged tern
821,Phyllys,Fetherby,pfetherbyms@i2i.jp,Female,Indian star tortoise
822,Christin,Greenley,cgreenleymt@jimdo.com,Female,"Antelope, four-horned"
823,Daniella,Carberry,dcarberrymu@amazonaws.com,Female,"Cat, kaffir"
824,Clayborne,Trowler,ctrowlermv@google.cn,Male,Red howler monkey
825,Leonidas,Crothers,lcrothersmw@acquirethisname.com,Male,Springbok
826,Vinita,Walshe,vwalshemx@europa.eu,Female,Hummingbird (unidentified)
827,Mella,Glandfield,mglandfieldmy@wufoo.com,Female,Laughing kookaburra
828,Jesselyn,Olin,jolinmz@mysql.com,Female,"Grouse, sage"
829,Kristan,Hunn,khunnn0@ca.gov,Female,Yellow-rumped siskin
830,Willdon,Cuppitt,wcuppittn1@kickstarter.com,Male,"Heron, striated"
831,Malinde,Hallum,mhallumn2@hhs.gov,Female,Hottentot teal
832,Monroe,Hyrons,mhyronsn3@ihg.com,Male,"Whale, long-finned pilot"
833,Norina,Yirrell,nyirrelln4@hhs.gov,Female,Frog (unidentified)
834,Kissiah,Szabo,kszabon5@wikispaces.com,Female,"Colobus, magistrate black"
835,Cos,Paddison,cpaddisonn6@unc.edu,Male,Stanley crane
836,Kristos,Bampfield,kbampfieldn7@apple.com,Male,Great egret
837,Nathanael,McKern,nmckernn8@blogs.com,Male,"Waterbuck, common"
838,Evvy,Lecointe,elecointen9@cbslocal.com,Female,Eastern grey kangaroo
839,Gerri,Redish,gredishna@tripod.com,Female,Chimpanzee
840,Leela,Riatt,lriattnb@amazon.co.jp,Female,Western pygmy possum
841,Maiga,Teesdale,mteesdalenc@amazon.de,Female,Orca
842,Ariella,Crann,acrannnd@flickr.com,Female,Savannah deer
843,Francisco,Skacel,fskacelne@jugem.jp,Male,"Waxbill, violet-eared"
844,Skye,Struthers,sstruthersnf@cbslocal.com,Male,Southern elephant seal
845,Kirbie,Markos,kmarkosng@blogs.com,Female,Brown capuchin
846,Jemie,Banthorpe,jbanthorpenh@hostgator.com,Female,"Crake, african black"
847,Filberto,Seemmonds,fseemmondsni@usnews.com,Male,Striped hyena
848,Janot,Hallyburton,jhallyburtonnj@ucla.edu,Female,Pocket gopher (unidentified)
849,Ashley,Ridout,aridoutnk@intel.com,Male,River wallaby
850,Al,Sandcraft,asandcraftnl@deliciousdays.com,Male,"Mynah, indian"
851,Herbert,Rassell,hrassellnm@flickr.com,Male,Gulls (unidentified)
852,Berti,Kinge,bkingenn@so-net.ne.jp,Male,Ring-necked pheasant
853,Vic,Culpen,vculpenno@tuttocitta.it,Male,Jungle cat
854,Hattie,Dibdall,hdibdallnp@unicef.org,Female,Bottle-nose dolphin
855,Sidney,Clinning,sclinningnq@utexas.edu,Male,"Mynah, common"
856,Launce,Hassey,lhasseynr@ted.com,Male,Red-winged blackbird
857,Rosita,Odo,rodons@ucsd.edu,Female,Columbian rainbow boa
858,Tanny,Mertgen,tmertgennt@cisco.com,Male,"Waxbill, black-cheeked"
859,Tawnya,Proback,tprobacknu@ucla.edu,Female,Pampa gray fox
860,Debbi,Shorthouse,dshorthousenv@vinaora.com,Female,Warthog
861,Lionello,MacGilfoyle,lmacgilfoylenw@thetimes.co.uk,Male,Adouri (unidentified)
862,Debera,Tuxell,dtuxellnx@sitemeter.com,Female,"Macaque, rhesus"
863,Rollins,Groundwator,rgroundwatorny@shutterfly.com,Male,"Lark, horned"
864,Clair,Bauldrey,cbauldreynz@upenn.edu,Female,"Lynx, african"
865,Angel,Augar,aaugaro0@trellian.com,Male,"Otter, oriental short-clawed"
866,Wallache,Bacon,wbacono1@census.gov,Male,"Mongoose, javan gold-spotted"
867,Alain,Laister,alaistero2@sakura.ne.jp,Male,"Quoll, eastern"
868,Alan,Brahm,abrahmo3@sun.com,Male,Paddy heron (unidentified)
869,Vincents,Lammertz,vlammertzo4@storify.com,Male,Black curlew
870,Mozelle,Jeannesson,mjeannessono5@flickr.com,Female,"Trumpeter, dark-winged"
871,Ike,Matteotti,imatteottio6@arizona.edu,Male,Yellow-rumped siskin
872,Valentin,Pestell,vpestello7@wix.com,Male,"Heron, boat-billed"
873,Obidiah,Cowlard,ocowlardo8@privacy.gov.au,Male,"Monkey, bleeding heart"
874,Giacomo,De Beauchamp,gdebeauchampo9@youku.com,Male,Snake (unidentified)
875,Anabella,Stevani,astevanioa@ox.ac.uk,Female,Swainson's francolin
876,Margeaux,Pilmer,mpilmerob@alexa.com,Female,Square-lipped rhinoceros
877,Esther,Inwood,einwoodoc@booking.com,Female,Red-winged blackbird
878,Mordecai,Hollidge,mhollidgeod@dailymail.co.uk,Male,"Raven, cape"
879,Curcio,Toe,ctoeoe@admin.ch,Male,"Bear, american black"
880,Ollie,Advani,oadvaniof@merriam-webster.com,Male,Land iguana
881,Alistair,Labbett,alabbettog@marketwatch.com,Male,Spotted deer
882,Evy,Meriott,emeriottoh@icq.com,Female,"Goose, cape barren"
883,Shurlock,Caso,scasooi@studiopress.com,Male,Arctic fox
884,Nye,Yoxall,nyoxalloj@mysql.com,Male,Black-footed ferret
885,Christiana,Heffer,chefferok@51.la,Female,Common wallaroo
886,Manny,Houlton,mhoultonol@sourceforge.net,Male,Cormorant (unidentified)
887,Rorke,Kingdom,rkingdomom@walmart.com,Male,Aardwolf
888,Hannis,Kilbane,hkilbaneon@taobao.com,Female,"Vulture, white-headed"
889,Kenon,Fishe,kfisheoo@ucoz.com,Male,"Jackal, indian"
890,Rosalinda,Askell,raskellop@ycombinator.com,Female,Northern elephant seal
891,Bondy,Seadon,bseadonoq@home.pl,Male,Frilled dragon
892,Vinny,Hylands,vhylandsor@ucsd.edu,Male,"Dragon, netted rock"
893,Philis,Carl,pcarlos@time.com,Female,Common raccoon
894,Reider,Boyde,rboydeot@yahoo.com,Male,"Eagle, bateleur"
895,Edgardo,Bollen,ebollenou@tripadvisor.com,Male,Three-banded plover
896,Benni,Voce,bvoceov@admin.ch,Female,Zorilla
897,Martita,Banasiak,mbanasiakow@forbes.com,Female,Long-nosed bandicoot
898,Charmian,Fosdick,cfosdickox@sciencedaily.com,Female,"Mockingbird, galapagos"
899,Marijn,Cragg,mcraggoy@icq.com,Male,"Quail, gambel's"
900,Fredrick,Andriss,fandrissoz@biblegateway.com,Male,Oribi
901,Loren,Haythornthwaite,lhaythornthwaitep0@rambler.ru,Male,"Possum, golden brush-tailed"
902,Alexandra,Brewood,abrewoodp1@woothemes.com,Female,"Swan, black"
903,Kenon,Lissenden,klissendenp2@sbwire.com,Male,"Glider, squirrel"
904,Flora,Rainy,frainyp3@hp.com,Female,Crowned eagle
905,Nat,Armal,narmalp4@java.com,Male,"Brocket, red"
906,Barney,Franklin,bfranklinp5@wiley.com,Male,"Rabbit, eastern cottontail"
907,Fanchette,Wailes,fwailesp6@amazon.co.uk,Female,Beisa oryx
908,Desmond,Brounsell,dbrounsellp7@nydailynews.com,Male,"Gazelle, thomson's"
909,Hamlin,M'Quharg,hmquhargp8@mapy.cz,Male,Western grey kangaroo
910,Kalil,Witnall,kwitnallp9@naver.com,Male,"Monitor, water"
911,Orelia,Schowenburg,oschowenburgpa@youku.com,Female,"Cormorant, pied"
912,Allie,Faunch,afaunchpb@homestead.com,Female,Columbian rainbow boa
913,Findley,Camilleri,fcamilleripc@deviantart.com,Male,Least chipmunk
914,Jobyna,Kirvin,jkirvinpd@microsoft.com,Female,Mountain duck
915,Brig,Dugdale,bdugdalepe@go.com,Male,"Snake, racer"
916,Heinrick,Peer,hpeerpf@cnet.com,Male,Desert tortoise
917,Maybelle,Ballach,mballachpg@telegraph.co.uk,Female,"Cat, toddy"
918,Alwin,Aindrais,aaindraisph@forbes.com,Male,"Polecat, african"
919,Arvie,Dhenin,adheninpi@furl.net,Male,Tsessebe
920,Royall,Lambotin,rlambotinpj@businesswire.com,Male,"Swan, trumpeter"
921,Missie,Berrington,mberringtonpk@google.de,Female,"Grouse, sage"
922,Lorry,Parkes,lparkespl@cisco.com,Female,"Seal, southern elephant"
923,Gail,Dreier,gdreierpm@goodreads.com,Male,Guanaco
924,Barbara-anne,Oppery,bopperypn@sun.com,Female,"Shrew, mandras tree"
925,Brigham,Gatcliff,bgatcliffpo@dot.gov,Male,Marabou stork
926,Gabriella,Nunn,gnunnpp@liveinternet.ru,Female,"Goat, mountain"
927,Lynnet,Kinnach,lkinnachpq@imdb.com,Female,African jacana
928,Erie,Laverock,elaverockpr@phoca.cz,Male,Cuis
929,Nicola,Kernes,nkernesps@zdnet.com,Female,Violet-crested turaco
930,Dyanna,Gerard,dgerardpt@google.cn,Female,"Beaver, eurasian"
931,Arni,Ollerton,aollertonpu@statcounter.com,Male,Red-billed hornbill
932,Elia,Simonett,esimonettpv@salon.com,Male,"Heron, green"
933,Celesta,Petricek,cpetricekpw@altervista.org,Female,Javan gold-spotted mongoose
934,Josephine,Dommersen,jdommersenpx@t.co,Female,Black-footed ferret
935,Teodor,Medwell,tmedwellpy@woothemes.com,Male,Common dolphin
936,Roshelle,Oliphard,roliphardpz@lycos.com,Female,"Lizard, desert spiny"
937,Launce,Rubert,lrubertq0@sakura.ne.jp,Male,"Godwit, hudsonian"
938,Minnnie,Scroggins,mscrogginsq1@taobao.com,Female,Canadian tiger swallowtail butterfly
939,Ammamaria,Milnthorpe,amilnthorpeq2@gov.uk,Female,"Booby, masked"
940,Stanley,Pinar,spinarq3@posterous.com,Male,"Wagtail, african pied"
941,Kinna,Rainey,kraineyq4@businesswire.com,Female,American Virginia opossum
942,Anissa,Proughten,aproughtenq5@dell.com,Female,Green vine snake
943,Conchita,Vigours,cvigoursq6@example.com,Female,Grey heron
944,Lennie,Blanking,lblankingq7@slideshare.net,Male,"Pie, indian tree"
945,Dianna,Croxall,dcroxallq8@nydailynews.com,Female,"Spurfowl, yellow-necked"
946,Theodoric,Micklewicz,tmicklewiczq9@bloglines.com,Male,Canada goose
947,Diana,Votier,dvotierqa@hibu.com,Female,Brush-tailed bettong
948,Sheeree,Yakubovich,syakubovichqb@ameblo.jp,Female,Red-knobbed coot
949,Georas,Siebart,gsiebartqc@tinypic.com,Male,Potoroo
950,Jacqueline,Turfitt,jturfittqd@comcast.net,Female,Suricate
951,Leoline,Spennock,lspennockqe@dion.ne.jp,Female,Asiatic jackal
952,Kirbie,Ong,kongqf@google.co.jp,Female,Black-tailed tree creeper
953,Ezmeralda,Reeders,ereedersqg@prlog.org,Female,"Eagle, white-bellied sea"
954,Hadleigh,Maes,hmaesqh@usnews.com,Male,Sun gazer
955,Edwina,McCory,emccoryqi@state.gov,Female,Spotted-tailed quoll
956,Toby,Renon,trenonqj@google.de,Female,Scarlet macaw
957,Bethanne,Bussy,bbussyqk@nydailynews.com,Female,"Snake, buttermilk"
958,Reagan,Baake,rbaakeql@ucsd.edu,Male,"Crow, pied"
959,Stacey,Ewestace,sewestaceqm@vkontakte.ru,Female,Red howler monkey
960,Eartha,Mourant,emourantqn@patch.com,Female,"Civet, small-toothed palm"
961,Gusella,Caizley,gcaizleyqo@merriam-webster.com,Female,"Kangaroo, jungle"
962,Fredi,Bonnin,fbonninqp@zdnet.com,Female,Bottle-nose dolphin
963,Jody,Millican,jmillicanqq@ifeng.com,Female,Cape cobra
964,Nelson,Titlow,ntitlowqr@smh.com.au,Male,Denham's bustard
965,Demeter,Dobkin,ddobkinqs@vimeo.com,Female,Superb starling
966,Malachi,Gaul,mgaulqt@pcworld.com,Male,"Bettong, brush-tailed"
967,Eugenius,O'Boyle,eoboylequ@php.net,Male,"Lion, asian"
968,Elroy,Lebond,elebondqv@g.co,Male,"Vulture, griffon"
969,Klement,Killcross,kkillcrossqw@unicef.org,Male,Ibex
970,Jourdan,Themann,jthemannqx@google.co.jp,Female,Pied kingfisher
971,Alex,Hartill,ahartillqy@imageshack.us,Female,Red-tailed phascogale
972,Clint,Hailes,chailesqz@geocities.com,Male,Western pygmy possum
973,Josiah,Riggoll,jriggollr0@nhs.uk,Male,"Monkey, vervet"
974,Basil,Scannell,bscannellr1@cbsnews.com,Male,Seven-banded armadillo
975,Welbie,Feather,wfeatherr2@foxnews.com,Male,Black-backed jackal
976,Clemente,Kleinschmidt,ckleinschmidtr3@merriam-webster.com,Male,Two-banded monitor
977,Bernadina,Peatt,bpeattr4@t-online.de,Female,"Hornbill, leadbeateri's ground"
978,Myrtice,Cagan,mcaganr5@geocities.jp,Female,Bottle-nose dolphin
979,Luis,Heijnen,lheijnenr6@un.org,Male,"Armadillo, common long-nosed"
980,Jerrie,Phlipon,jphliponr7@webs.com,Male,Toddy cat
981,Geralda,Wishkar,gwishkarr8@state.gov,Female,"Owl, snowy"
982,Gibby,Bayly,gbaylyr9@jigsy.com,Male,Cheetah
983,Jessalin,Ackroyd,jackroydra@weather.com,Female,"Shelduck, european"
984,Paulie,Frenchum,pfrenchumrb@yale.edu,Male,"Crane, blue"
985,Lilian,Bruffell,lbruffellrc@csmonitor.com,Female,Crowned hawk-eagle
986,Herbie,Connelly,hconnellyrd@flavors.me,Male,Emerald green tree boa
987,Thane,Spiers,tspiersre@eventbrite.com,Male,"Jackal, indian"
988,Lu,Forcade,lforcaderf@chicagotribune.com,Female,White-throated toucan
989,Waldemar,Gergher,wgergherrg@i2i.jp,Male,Eleven-banded armadillo (unidentified)
990,Teri,Pumfrett,tpumfrettrh@booking.com,Female,"Rat, arboral spiny"
991,Bobbi,Fraczkiewicz,bfraczkiewiczri@e-recht24.de,Female,"Pintail, white-cheeked"
992,Barde,Noad,bnoadrj@irs.gov,Male,Snowy egret
993,Shirlee,McFadzean,smcfadzeanrk@yandex.ru,Female,Black rhinoceros
994,Munmro,Sussams,msussamsrl@linkedin.com,Male,Laughing kookaburra
995,Gaby,Bittleson,gbittlesonrm@hud.gov,Female,"Tortoise, galapagos"
996,Taryn,Cometson,tcometsonrn@columbia.edu,Female,Eastern fox squirrel
997,Raviv,Palser,rpalserro@woothemes.com,Male,"Vulture, egyptian"
998,Elga,Briat,ebriatrp@baidu.com,Female,Eurasian badger
999,Fred,O'Drought,fodroughtrq@bbc.co.uk,Male,"Owl, snowy"
1000,Ave,Metrick,ametrickrr@bluehost.com,Male,Brazilian tapir
